Domain,Chỉ số Traffic,Giá TEXTLINK (1.000 VNĐ),TEXTLINK
hdradio.vn,163788,2.000,Nhận TL
truesmart.com.vn,183554,2.000,Nhận TL
hoclaixemoto.com,106717,1.750,Nhận TL
duhoc.thanhgiang.com.vn,82509,1.650,Nhận TL
tailieumontoan.com,76065,1.600,Nhận TL
app567lives.com,63900,1.600,Nhận TL
vn-huyndai.com,62774,1.600,Nhận TL
thethaodonga.com,60936,1.600,Nhận TL
zoipet.com,55082,1.600,Nhận TL
saigonamthuc.vn,50.766,1.600,Nhận TL
noithatminhkhoi.com,45372,1.550,Nhận TL
benhvienhanoi.vn,36787,1.500,Nhận TL
moitruongthanhcong.com,35362,1.500,Nhận TL
ngoainguhanoi.com,35356,1.500,Nhận TL
kinhmateyeplus.com,44421,1.450,Nhận TL
cmmbvietnam.com,32007,1.450,Nhận TL
xingfa.vn,31472,1.450,Nhận TL
gentis.com.vn,30631,1.450,Nhận TL
ruousg.com,28635,1.400,Nhận TL
xkld.thanhgiang.com.vn,27293,1.400,Nhận TL
hondaotovovankiet.vn,26184,1.300,Nhận TL
wowcontent.vn,25721,1.300,Nhận TL
dobio.com.vn,25485,1.300,Nhận TL
hocmay.vn,25115,1.300,Nhận TL
bangtuanhoan.com,24707,1.300,Nhận TL
nipt.com.vn,23586,1.300,Nhận TL
xehoangphu.vn,23278,1.300,Nhận TL
vparthouse.vn,21298,1.300,Nhận TL
chancekim.com,20726,1.300,Nhận TL
fpttelecom.net.vn,20.358,1.300,Nhận TL
qpet.vn,19984,1.300,Nhận TL
vuahaisan.vn,19622,1.300,Nhận TL
thuysinhaqua.com,16977,1.300,Nhận TL
sieusach.info,16807,1.300,Nhận TL
roidien.net,16625,1.300,Nhận TL
v1000.vn,16608,1.300,Nhận TL
thapgiainhietliangchi.com,15925,1.300,Nhận TL
hifa.vn,15858,1.300,Nhận TL
thegioituigiay.com,15714,1.300,Nhận TL
dienmaythienlong.vn,15394,1.300,Nhận TL
laplanhuocmo.com.vn,14980,1.300,Nhận TL
duavang.net,14397,1.300,Nhận TL
matpetfamily.com,14159,1.300,Nhận TL
camerakhanhlinh.vn,14063,1.300,Nhận TL
chamsocxehoi.org,13717,1.300,Nhận TL
download123.vn,13535,1.300,Nhận TL
torai9vapestore.vn,13263,1.300,Nhận TL
flowerfarm.vn,13179,1.300,Nhận TL
maiaspacare.vn,13115,1.300,Nhận TL
sancopack.com,12892,1.300,Nhận TL
dailimexco.com.vn,12821,1.300,Nhận TL
luatlongphan.vn,12812,1.300,Nhận TL
bepduc.vn,12672,1.300,Nhận TL
kituchat.com,12625,1.300,Nhận TL
thuvienquocgia.vn,12123,1.300,Nhận TL
kiahcm.com,12017,1.300,Nhận TL
wikihoavien.vn,11969,1.300,Nhận TL
mayruaxecongnghiep.com,11969,1.300,Nhận TL
nontrum.vn,11847,1.300,Nhận TL
palda.vn,11744,1.300,Nhận TL
amthucxanh.vn,11582,1.300,Nhận TL
topvantai.com,11552,1.300,Nhận TL
mubaohiemdochanoi.com,11534,1.300,Nhận TL
ducanhland.com,11513,1.300,Nhận TL
chuoivang.com,11513,1.300,Nhận TL
thangmayght.com,11202,1.300,Nhận TL
chamdocsach.com,11050,1.300,Nhận TL
bongdawap.org,10994,1.400,Nhận TL
sieuthimaymassage.vn,10954,1.300,Nhận TL
camnangtienganh.vn,10905,1.300,Nhận TL
thibanglaixeonline.com,10705,1.300,Nhận TL
dalieuthammygsv.com,10692,1.300,Nhận TL
liengtam.com,10494,1.300,Nhận TL
kuchen.vn,10437,1.300,Nhận TL
bloghocdan.com,10366,1.300,Nhận TL
meopetshop.com,10266,1.300,Nhận TL
baohanhbosch.vn,10237,1.300,Nhận TL
dentistforlife.net,10066,1.300,Nhận TL
lumionvietnam.com,11.051,1.400,Nhận TL
onthihsg.com,10048,1.300,Nhận TL
hoclaixeoto.vn,9946,1.200,Nhận TL
thuoc5sao.com,9934,1.200,Nhận TL
nhomdonga.vn,9848,1.200,Nhận TL
saigonmazda.vn,9848,1.200,Nhận TL
mayaqua.vn,9758,1.200,Nhận TL
navy.vn,9633,1.200,Nhận TL
chungchitienganhtinhoc.net,9477,1.200,Nhận TL
prosensor.vn,9453,1.200,Nhận TL
xemaynhapkhau.vn,9424,1.200,Nhận TL
kkhouse.com.vn,9369,1.200,Nhận TL
edora.vn,9293,1.200,Nhận TL
hondaxemay.com,9291,1.200,Nhận TL
maytaoamcongnghiep.com,9276,1.200,Nhận TL
thosuaxe.vn,9215,1.200,Nhận TL
pharmaotc.vn,9168,1.200,Nhận TL
ivfmd.vn,9107,1.200,Nhận TL
hienlaptop.com,9064,1.200,Nhận TL
nguyenphung.vn,9050,1.200,Nhận TL
tfruit.com.vn,9009,1.200,Nhận TL
dyf.vn,8959,1.200,Nhận TL
vhe.vn,8857,1.200,Nhận TL
thachan.vn,8848,1.200,Nhận TL
lycocthuytinh.com,8836,1.200,Nhận TL
chongthamvinatek.com.vn,8556,1.200,Nhận TL
atpcare.vn,8398,1.200,Nhận TL
xuongphim.vn,8318,1.200,Nhận TL
chilashop.com,8318,1.200,Nhận TL
snaptik.wiki,8290,1.200,Nhận TL
tausaigon.com.vn,8205,1.200,Nhận TL
luatthaian.vn,8123,1.200,Nhận TL
thongtacconghanoi.net,8122,1.200,Nhận TL
khoilapphuong.vn,8063,1.200,Nhận TL
duyendangvietnam.net.vn,8059,1.200,Nhận TL
wowgift.vn,7995,1.200,Nhận TL
nhadep.pro.vn,7949,1.200,Nhận TL
riogems.net,7861,1.200,Nhận TL
dienlanhtranhung.net,7822,1.200,Nhận TL
yenhondat.com,7717,1.200,Nhận TL
sendaiviet.com,7660,1.200,Nhận TL
ieltslearning.vn,7642,1.200,Nhận TL
doiduavang.vn,7639,1.200,Nhận TL
tcbm.vn,7611,1.200,Nhận TL
cambiendoapsuat.vn,7597,1.200,NHẬN TL
hocdientu.vn,7502,1.200,NHẬN TL
thuytinhluminarc.com,7479,1.200,Nhận TL
tuivaigiare.com.vn,7446,1.200,Nhận TL
lovekpop95.com,7429,1.200,Nhận TL
gamethuanviet.com,7398,1.200,Nhận TL
nhathuocminhtrang.com,7375,1.200,Nhận TL
nclighting.vn,7365,1.200,Nhận TL
caydothi.com.vn,7249,1.200,Nhận TL
dichthuat24h.vn,7232,1.200,Nhận TL
songchannelvn.com,7219,1.200,Nhận TL
ttdccomplex.vn,7178,1.200,Nhận TL
hutbephot686.com,7075,1.200,NHẬN TL
alothosuakhoa.com,7063,1.200,Nhận TL
vtvdanang.vn,6958,1.200,Nhận TL
inoxhungcuong.com,6930,1.200,NHẬN TL
indongnam.com.vn,6871,1.200,Nhận TL
weehours.vn,6828,1.200,Nhận TL
dinhcuquocte.com.vn,6709,1.200,Nhận TL
truyenhay97.com,6687,1.200,Nhận TL
htluxury.vn,6652,1.200,Nhận TL
philipsvietnam.vn,6570,1.200,Nhận TL
goldsungroup.com.vn,6512,1.200,Nhận TL
shopgivi.com,6502,1.200,Nhận TL
sneakerhanoi.com,6482,1.200,Nhận TL
thietbidienpanasonic.com,6476,1.200,Nhận TL
daotaobinhduong.com,6463,1.200,NHẬN TL
oasisgr.top,6389,1.200,Nhận TL
sieuthimayruaxe.vn,6362,1.200,Nhận TL
happytrees.vn,6360,1.200,Nhận TL
hondatancuong.com.vn,6345,1.200,Nhận TL
toyota-hungyen.com,6334,1.200,Nhận TL
lambanghieudep.vn,6314,1.200,Nhận TL
bapcai.vn,6253,1.200,Nhận TL
thegioicaygiong.net,6251,1.200,Nhận TL
kobler.com.vn,6239,1.200,Nhận TL
nhj.com.vn,6206,1.200,Nhận TL
tai88.vin,6165,1.200,Nhận TL
sudiho.com,6165,1.200,Nhận TL
daynghekimhoan.vn,6137,1.200,Nhận TL
mocchau24h.vn,6116,1.200,Nhận TL
penviet.com,6104,1.200,Nhận TL
pqr.vn,6045,1.200,Nhận TL
dongphucnhattam.com,6031,1.200,Nhận TL
thegioigiaybaoho.com,6017,1.200,Nhận TL
maybomdandung.com,6015,1.200,Nhận TL
canihome.vn,5989,1.150,Nhận TL
chothuestudio.com,5913,1.150,Nhận TL
cambiendo.vn,5892,1.150,Nhận TL
bepphuongnam.com.vn,5835,1.150,Nhận TL
moncity.vn,5783,1.150,Nhận TL
chiasedaophat.com,5696,1.150,Nhận TL
cuuho24h.net,5666,1.150,Nhận TL
vinfastmiennam.vn,5640,1.150,Nhận TL
pvmarthanoi.com.vn,5544,1.150,Nhận TL
thamgiare.vn,5516,1.150,Nhận TL
dacsanxanh.net,5511,1.150,Nhận TL
camnangdienmay.net,5481,1.150,Nhận TL
danhgiadidong.net,5475,1.150,Nhận TL
thietbidienschneider.com,5472,1.150,Nhận TL
hondaotosaigon-quan7.com.vn,5378,1.150,Nhận TL
thuexenhanhcantho.com,5349,1.150,Nhận TL
gsvvietnam.com,5347,1.150,Nhận TL
dichthuatcongchung247.com,5327,1.150,Nhận TL
chokerclub.vn,5324,1.150,Nhận TL
khudothithanhha.vn,5320,1.150,NHẬN TL
inoxgiacong.net,5317,1.150,Nhận TL
caycanhmienbac.com,5315,1.150,Nhận TL
lakbay.vn,5303,1.150,Nhận TL
huthamcautaikhanhhoa.com,5245,1.150,Nhận TL
suachuatranchauhalong.vn,5176,1.150,Nhận TL
thanhphucplastic.vn,5175,1.150,Nhận TL
hyundaithanhcong.com.vn,5173,1.150,Nhận TL
binbadecor.vn,5171,1.150,Nhận TL
mitsubishivn.com,5168,1.150,Nhận TL
wasplus.com,5120,1.150,Nhận TL
thapgiainhiettashin.com.vn,5082,1.150,Nhận TL
hopphatsauna.com,5076,1.150,Nhận TL
triumph-saigon.com,5048,1.150,Nhận TL
rcong.vn,5023,1.150,Nhận TL
pvm.vn,5013,1.150,Nhận TL
thinhmobile.com,4986,1.100,Nhận TL
giaydankinh.info,4946,1.100,NHẬN TL
tamnhatpharma.com,4939,1.100,Nhận TL
capnhat365.com,4923,1.100,Nhận TL
thegatepod.com,4921,1.100,Nhận TL
nuochoacharme.info,4889,1.100,Nhận TL
tatana.vn,4862,1.100,Nhận TL
drsmile.vn,4849,1.100,Nhận TL
doctorlaser.org,4845,1.100,Nhận TL
aloivfmdxinnghe.vn,4832,1.100,Nhận TL
chothuenhapho.vn,4824,1.100,Nhận TL
muasieunhanh.com,4812,1.100,Nhận TL
diadiembaoloc.net,4798,1.100,Nhận TL
hongngocha.com,4766,1.100,Nhận TL
lamsodogia.com,4762,1.100,Nhận TL
cauthangviet.net,4742,1.100,Nhận TL
diendaniso.com,4733,1.100,Nhận TL
dnanalytics.net,4712,1.100,Nhận TL
leoart.vn,4711,1.100,NHẬN TL
noithatxuhuong.vn,4693,1.100,Nhận TL
sinhnhatnhi.com,4681,1.100,Nhận TL
nhadatcuchi.org,4679,1.100,Nhận TL
denrangdongstore.com,4659,1.100,Nhận TL
kingjade.com.vn,4657,1.100,Nhận TL
duocthaomailands.vn,4643,1.100,Nhận TL
taylarnguyen.vn,4631,1.100,Nhận TL
tiemchupanh.com,4625,1.100,Nhận TL
xefordvietnam.com,4624,1.100,Nhận TL
decalxebinhduong.com,4590,1.100,Nhận TL
ruouhanquoc.com,4571,1.100,Nhận TL
decaldankinh.com.vn,4557,1.100,Nhận TL
capdienhanquoc.vn,4547,1.100,Nhận TL
tongkhomayphatdien.com,4522,1.100,Nhận TL
mitsubishivietnam.net,4509,1.100,Nhận TL
royalceramic.net,4498,1.100,Nhận TL
vinthai.net,4496,1.100,Nhận TL
vietgear.vn,4477,1.100,Nhận TL
xelimousine.vn,4475,1.100,Nhận TL
namkylan.com,4473,1.100,Nhận TL
doctruyendoremon.vn,4471,1.100,Nhận TL
remcuahaka.com,4459,1.100,Nhận TL
cambridge.org.vn,4455,1.200,Nhận TL
vandieukhien.vn,4449,1.100,Nhận TL
acado.vn,4449,1.100,Nhận TL
vuonuomsomot.com,4443,1.100,Nhận TL
pettot.com,4421,1.100,Nhận TL
hoctot.net.vn,4419,1.100,Nhận TL
ngocbaolong.vn,4407,1.100,Nhận TL
rongmotorbike.com,4374,1.100,Nhận TL
taxiphucha.com,4353,1.100,Nhận TL
washima.vn,4315,1.100,Nhận TL
ozeo.vn,4290,1.100,Nhận TL
bearviet.vn,4248,1.100,nhận TL
maydongphucglu.com,4150,1.100,Nhận TL
dienmayhoki.com,4146,1.100,Nhận TL
khangdiensaigon.com.vn,3951,1.100,Nhận TL
thethaohcm.com.vn,3923,1.100,Nhận TL
duan600.vn,3900,1.100,Nhận TL
japonstore.vn,3867,1.100,Nhận TL
hyundaibinhthuan.vn,3832,1.100,Nhận TL
lml.vn,3829,1.100,Nhận TL
thegioibienquangcao.com,3821,1.100,Nhận TL
timmyenglish.com.vn,3720,1.100,Nhận TL
hyundaigiaiphong.com.vn,3649,1.100,Nhận TL
bongdawap.info,3618,1.100,NHẬN TL
congvienvinhhanglongthanh.com,3553,1.100,Nhận TL
thephungphat.vn,3534,1.100,Nhận TL
rozaco.vn,3513,1.100,Nhận TL
quatdienvietnam.vn,3486,1.100,NHẬN TL
suanon.com.vn,3468,1.100,NHẬN TL
goldsport.vn,3304,1.100,Nhận TL
noithatthienhoa.vn,3298,1.100,Nhận TL
decornow.vn,3289,1.100,Nhận TL
hoalenhandmade.com,3236,1.100,Nhận TL
spatamle.com,3225,1.100,Nhận TL
bncmedipharm.net,3179,1.100,Nhận TL
gscvietnam.com,3158,1.100,Nhận TL
tiemnuochoa.vn,3052,1.100,NHẬN TL
dientubachkhoa.vn,3024,1.100,NHẬN TL
khogamepc.com,3020,1.100,NHẬN TL
thirdtext.com,3000,1.100,NHẬN TL
giaydantuonglinhanh.com,2995,1.050,NHẬN TL
gundamshop.vn,2981,1.050,NHẬN TL
panasonicvn.com.vn,2977,1.050,NHẬN TL
mongaotutien.vn,2977,1.050,NHẬN TL
luyenthidgnl.com.vn,2975,1.050,NHẬN TL
kingbason.com,2973,1.050,NHẬN TL
phapphucthien.com,2966,1.050,NHẬN TL
xinvisaquocte.com,2958,1.050,NHẬN TL
thesinhtouristhanoi.vn,2955,1.050,NHẬN TL
mall.kayla.vn,2938,1.250,NHẬN TL
triples.vn,255,1.100,NHẬN TL
phongxonghoi.com.vn,2926,1.050,NHẬN TL
skinaqua.vn,2925,1.050,NHẬN TL
danhgiamay.com,2920,1.050,NHẬN TL
dailydaydien.com,2919,1.050,NHẬN TL
lambanggiagiare.com,2916,1.050,NHẬN TL
mercedesdanang.com.vn,2914,1.050,NHẬN TL
chromesupport.net,2891,1.050,NHẬN TL
thoson24h.com,2888,1.050,NHẬN TL
hystore.vn,2877,1.050,NHẬN TL
website366.com,2875,1.050,NHẬN TL
baohay.vn,2866,1.050,NHẬN TL
suzukidongsaigon.vn,2848,1.050,NHẬN TL
bachkhoa.org,2848,1.050,NHẬN TL
noithatducquan.com,2838,1.050,NHẬN TL
dichvusuakhoa.vn,2819,1.050,NHẬN TL
sachico101.com,2818,1.050,NHẬN TL
giasatthep24h.com,2808,1.050,NHẬN TL
nguduyen.com,2806,1.050,NHẬN TL
phukien25.com,2796,1.050,NHẬN TL
vuacaygiong.com,2791,1.050,NHẬN TL
crystaljade-palace.com.vn,2781,1.050,NHẬN TL
cauthangphihung.com,2762,1.050,NHẬN TL
cityrise.vn,2755,1.050,NHẬN TL
photocopyricoh.vn,2737,1.050,NHẬN TL
quangcaodainghia.com,2694,1.050,NHẬN TL
hcmpeugeot.com,2683,1.050,NHẬN TL
safetyjoggervietnam.com,2675,1.050,NHẬN TL
louiskimmi.vn,2672,1.050,NHẬN TL
ruouducanh.com,2672,1.050,NHẬN TL
vuacongnhom.vn,2671,1.050,NHẬN TL
xanhwedding.com,2671,1.050,NHẬN TL
hmico.vn,2664,1.050,NHẬN TL
masterisehomese.vn,2639,1.050,NHẬN TL
338sport.com.vn,2616,1.050,Nhận TL
daohantindung.com.vn,2608,1.050,Nhận TL
nhadeptana.vn,2592,1.050,Nhận TL
nhadeptana.vn,2592,1.050,Nhận TL
vinsmartcitytaymo.vn,2541,1.050,Nhận TL
maymay.com.vn,2528,1.050,Nhận TL
anvubag.vn,2520,1.050,Nhận TL
iquatcongnghiep.vn,2517,1.050,Nhận TL
kinglandhanoi.vn,2478,1.050,Nhận TL
pharmavet.com.vn,2468,1.050,Nhận TL
phongkhamngoclan.vn,2451,1.050,Nhận TL
titansport.com.vn,2442,1.050,NHẬN TL
tochucsukiendailam.com,2410,1.050,NHẬN TL
hntchannel.com,2400,1.050,NHẬN TL
dodofu.com.vn,2345,1.050,NHẬN TL
thietkewebsites.vn,2344,1.050,NHẬN TL
thietbidienls.net,2339,1.050,NHẬN TL
quynhon.travel,2338,1.050,NHẬN TL
fdcvshop.com,2316,1.050,NHẬN TL
biocosmetics.vn,2314,1.050,NHẬN TL
minhtuauthentic.com,2310,1.050,NHẬN TL
benhvienmaytinhhanoi.com,2306,1.050,NHẬN TL
hondaankhanh.vn,2287,1.050,NHẬN TL
banhsinhnhathanquoc.com,2277,1.050,NHẬN TL
cook.kitchenart.vn,2266,1.050,NHẬN TL
daynghebachkhoa.vn,2265,1.050,NHẬN TL
treobangrongiare.vn,2238,1.050,NHẬN TL
truongphatdat.com,2197,1.050,NHẬN TL
datxanh.homes,2192,1.050,NHẬN TL
thegioixechaydien.net,2286,1.050,NHẬN TL
phelieulocphat.com.vn,2138,1.050,NHẬN TL
betongphuloc.vn,2098,1.050,NHẬN TL
phongnhaadventuretours.com,2059,1.050,NHẬN TL
designbold.com,2057,1.050,NHẬN TL
tuyenmai.com,2015,1.050,NHẬN TL
xosochuanxac.com,1979,1.050,NHẬN TL
mvtek.vn,1969,1.050,NHẬN TL
internetfpt.vn,1932,1.050,NHẬN TL
hyundailevanluong.com,1872,1.050,NHẬN TL
yenkhanhhoa.info,1870,1.050,NHẬN TL
drngoc.vn,1865,1.050,NHẬN TL
quatangminhngoc.com,1853,1.050,NHẬN TL
kinggame.mobi,1852,1.050,NHẬN TL
aftavietnam.com.vn,1839,1.050,NHẬN TL
sieugiaitri.net,1807,1.050,NHẬN TL
obitosport.com,1761,1.050,NHẬN TL
muaphelieu.com.vn,1737,1.050,NHẬN TL
shopgamecf.com,1712,1.050,NHẬN TL
huyhaisan.vn,1668,1.050,NHẬN TL
3dsket.com,1655,1.050,NHẬN TL
dalatcity.org,1653,1.050,NHẬN TL
timecity.vn,1600,1.050,NHẬN TL
fptisp.net,1599,1.050,NHẬN TL
phugiathucphamvmc.com,1594,1.050,NHẬN TL
vnproperty.com.vn,1592,1.050,NHẬN TL
flycamgiare.vn,1571,1.050,NHẬN TL
duonggiahotel.vn,1548,1.050,NHẬN TL
theptriviet.vn,1513,1.050,NHẬN TL
dinhhaiplastic.com,1503,1.050,NHẬN TL
bangheth.com,1502,1.050,NHẬN TL
myphamhoamai.com,1448,1.050,NHẬN TL
nhakhoavinhan.com,1406,1.050,NHẬN TL
charmhotram.com,1401,1.050,NHẬN TL
hoahongsi.com,1395,1.050,NHẬN TL
thuoclaophugia.com,1385,1.050,NHẬN TL
thekeywine.vn,1383,1.050,NHẬN TL
donghosocxam.com,1378,1.050,NHẬN TL
sieuthidemonline.vn,1374,1.050,NHẬN TL
thanhtrucmed.com,1374,1.050,NHẬN TL
culacstudio.com,1348,1.050,NHẬN TL
giaydankinh.org,1336,1.050,NHẬN TL
paulcare.vn,1326,1.050,NHẬN TL
thaomocanan.vn,1320,1.050,NHẬN TL
chungcunhadat.vn,1291,1.050,NHẬN TL
byluunhattuan.vn,1278,1.050,NHẬN TL
hocflstudio.com,1273,1.050,NHẬN TL
dungcuvo.com,1268,1.050,NHẬN TL
figogroup.vn,1249,1.050,NHẬN TL
thegioivatlieuxaydung.vn,1244,1.050,NHẬN TL
suongmai.com.vn,1233,1.050,NHẬN TL
thuexemaybaoan.com,1223,1.050,NHẬN TL
xuongcomposite.vn,1221,1.050,Nhận TL
i9betcasino.com,1218,1.050,Nhận TL
suacuakinhhanoi.com,1214,1.050,Nhận TL
hangdocvala.net,1205,1.050,Nhận TL
ptic.com.vn,1204,1.050,NHẬN TL
ongnhuadenhat.vn,1202,1.050,Nhận TL
sentosacorp.vn,1187,1.050,Nhận TL
suamaychaybo.com,1176,1.050,Nhận TL
hoaphatsolar.vn,1176,1.050,Nhận TL
quavip24k.com,1151,1.050,Nhận TL
thethaokhoe.com,1110,1.050,Nhận TL
banaobongda.com,1087,1.050,NHẬN TL
kiahochiminh.com.vn,1047,1.050,NHẬN TL
xosoloc.com,1046,1.050,NHẬN TL
maylocnuocthienan.com,1030,1.050,NHẬN TL
i9betlink.com,1004,1.050,NHẬN TL
xososieuchuan.com,990,1.000,NHẬN TL
digimindgroup.vn,962,1.000,NHẬN TL
reviewbeautytime.com,959,1.000,NHẬN TL
thegioituccaustore.com,930,1.000,NHẬN TL
shopvery.vn,909,1.000,NHẬN TL
banhtrungthulongdinh.com,897,1.000,NHẬN TL
etecvn.com,893,1.000,NHẬN TL
inankhanh.com,879,1.000,NHẬN TL
kynanggame.edu.vn,836,1.100,NHẬN TL
phanbonthuysinh.com,831,1.000,NHẬN TL
odouceurs.com,820,1.000,NHẬN TL
vinasport.com.vn,723,1.000,NHẬN TL
mammy.vn,686,1.000,NHẬN TL
ketquabongda.com.vn,654,1.000,NHẬN TL
hplsport.net,651,1.000,NHẬN TL
nganhangrem.com,649,1.000,NHẬN TL
fastwinner.com.vn,648,1.000,NHẬN TL
mogiatoc.com.vn,624,1.000,NHẬN TL
medent.vn,623,1.000,NHẬN TL
ketquaxosokienthiet.com,621,1.000,NHẬN TL
xosodaicat.net,617,1.000,NHẬN TL
skinone.vn,590,1.000,NHẬN TL
daiphunnuoc.net,579,1.000,NHẬN TL
bongdatructiep.tv,541,1.000,NHẬN TL
matasport.vn,539,1.000,NHẬN TL
th-education.vn,518,1.000,NHẬN TL
uydanh.vn,479,1.000,NHẬN TL
phucfood.vn,460,1.000,NHẬN TL
onecredit.vn,459,1.000,NHẬN TL
giatkholahoi.com,458,1.000,NHẬN TL
hplsport.com,453,1.000,NHẬN TL
geximco.vn,445,1.000,NHẬN TL
bongdadata.com,440,1.000,NHẬN TL
vlxdtruongthinhphat.com,391,1.000,NHẬN TL
baobongda.org,390,1.000,NHẬN TL
macshop24h.com,376,1.000,NHẬN TL
tuigamer.com,374,1.000,NHẬN TL
tuvanduhocsingapore.vn,357,1.000,NHẬN TL
dacsanvungbien.com,352,1.000,NHẬN TL
tylekeo2in1.com,7552,1.200,NHẬN TL
kqxsmb.vn,2174,1.100,NHẬN TL
bongda247.net,1615,1.050,NHẬN TL
phongthuydoisong.net,1137,1.100,NHẬN TL
soicauxs.org,832,1.100,NHẬN TL
xosotructiep.org,758,1.100,NHẬN TL
dudoanxs.org,695,1.100,NHẬN TL
soxo.net,625,1.000,NHẬN TL
tyso.info,560,1.000,NHẬN TL
livefootball.net,547,1.000,NHẬN TL
xsmb365.net,517,1.000,NHẬN TL
ketquabongda247.com,475,1.000,NHẬN TL
kqbdtructiep.com,463,1.000,Nhận TL
lichthidauhomnay.com,455,1.000,Nhận TL
sxmt.info,417,1.000,Nhận TL
tructiepxoso.org,413,1.100,Nhận TL
bangxephang.net,366,1.000,Nhận TL
tylecuoctructuyen.com,365,1.000,Nhận TL
ketquaxosomienbac.com.vn,963,1.050,Nhận TL
bongdaso66.mobi,360,1.000,NHẬN TL
congngheaz.org,526,1.100,Nhận TL
bongdalu24h.com,670,1.000,NHẬN TL
sxmn.org,1269,1.200,Nhận TL
keobongdaonline.com,761,1.000,NHẬN TL
kqbdtructuyen.com,658,1.000,Nhận TL
tinbongda247.org,553,1.100,NHẬN TL
tylebd.com,452,1.000,Nhận TL
dudoankqxs.org,444,1.100,Nhận TL
xosotailoc.org,336,1.100,Nhận TL
dudoanmienbac.net,319,1.000,Nhận TL
tructiepxsmb.org,312,1.100,Nhận TL
xsmb90ngay.com,699,1.000,Nhận TL
xosonet.info,564,1.000,Nhận TL
xoso360.net,852,1.000,NHẬN TL
xosohomnay.info,452,1.000,Nhận TL
keobongdatructiep.com,451,1.000,NHẬN TL
forumbongda.vn,648,1.000,Nhận TL
xosomientrung.org,746,1.100,Nhận TL
ketquabongdatructiep.com,325,1.000,Nhận TL
ketquabd.info,322,1.000,Nhận TL
bongdawap.mobi,302,1.000,Nhận TL
ketquabongdavn.com,301,1.000,Nhận TL
doe.dee.hcmut.edu.vn,1.451.672,2400,Nhận TL
fme.hcmut.edu.vn,1.406.777,2400,Nhận TL
ama.edu.vn,57.805,1700,Nhận TL
thtienphuong.edu.vn,27.206,1400,Nhận TL
bartender.edu.vn,6.409,1300,Nhận TL
sisvnu.edu.vn,11.903,1200,Nhận TL
hsc.edu.vn,8.139,1150,Nhận TL
box.edu.vn,7.676,1200,Nhận TL
khoahoctot.edu.vn,7.347,1200,Nhận TL
onca.edu.vn,4.410,1100,Nhận TL
satsi.edu.vn,4.356,1250,Nhận TL
antam.edu.vn,4.057,1250,Nhận TL
wellspring.edu.vn,4.705,1200,Nhận TL
hoctrungcapchinhquy.edu.vn,3.684,1150,Nhận TL
huongminh.edu.vn,2.912,1150,Nhận TL
pgdsathay.edu.vn,2.894,1150,Nhận TL
caodangyhanoi.edu.vn,2.796,1150,Nhận TL
civilis.edu.vn,3.624,1150,Nhận TL
mskatemaster.edu.vn,3.340,1250,Nhận TL
kynangso.edu.vn,3.003,1250,Nhận TL
dongphuongedu.com,2.892,1250,Nhận TL
tuyensinhonline.edu.vn,2.882,1250,Nhận TL
lc.edu.vn,2.874,1150,Nhận TL
iife.edu.vn,2.828,1150,Nhận TL
platinum.edu.vn,2.786,1250,Nhận TL
c2thanglong.edu.vn,4.474,1400,Nhận TL
thuviendientu.edu.vn,2.620,1250,Nhận TL
deajin.edu.vn,2.420,1250,Nhận TL
c3anhson2.edu.vn,2.206,1200,Nhận TL
huco.edu.vn,2.164,1250,Nhận TL
sns.edu.vn,2.147,1050,Nhận TL
azmedia.edu.vn,2.145,1250,Nhận TL
vietdangquang.edu.vn,2.145,1250,Nhận TL
ised.edu.vn,2.003,1250,Nhận TL
iue.edu.vn,1.962,1200,Nhận TL
eplay.edu.vn,1.956,1200,Nhận TL
sathachhocmon.edu.vn,1.936,1200,Nhận TL
e-smartlanguage.edu.vn,1.925,1200,Nhận TL
e2e.edu.vn,1.865,1200,Nhận TL
khoanguyen.edu.vn,1.841,1200,Nhận TL
tienghanhiendiep.edu.vn,1.776,1200,Nhận TL
ngothanhtrong.edu.vn,1.774,1200,Nhận TL
tienghancotho.edu.vn,1.759,1200,Nhận TL
tono.edu.vn,1.750,1200,Nhận TL
duhocnamchau.edu.vn,1.750,1200,Nhận TL
mamnonvutruxanh.edu.vn,1.741,1200,Nhận TL
tuhoctienganh.edu.vn,1.725,1200,Nhận TL
jolieenglish.edu.vn,1.685,1200,Nhận TL
slatfpoly.edu.vn,1.663,1200,Nhận TL
peticon.edu.vn,1.658,1050,Nhận TL
anhngueco.edu.vn,1.632,1200,Nhận TL
thptnganamst.edu.vn,1.570,1050,Nhận TL
hocvientocseoul.edu.vn,1.557,1050,Nhận TL
cmf.edu.vn,2.689,1150,Nhận TL
daihocthanhdong-tdu.edu.vn,1.278,1050,Nhận TL
kinhtecongnghe.edu.vn,1.225,1050,Nhận TL
honghacantho.edu.vn,2.202,1050,Nhận TL
tieuhocngomay-danang.edu.vn,2.215,1100,Nhận TL
truonghongha.edu.vn,1.184,1050,Nhận TL
thebaseenglish.edu.vn,1.176,900,Nhận TL
vanhoc.edu.vn,1.248,900,Nhận TL
trungcap-thanglong.edu.vn,499,1000,Nhận TL
eduholic.edu.vn,385,1000,Nhận TL
chamsoccon.edu.vn,388,1050,Nhận TL
hoamattroi.edu.vn,259,1050,Nhận TL
phanmemhay.edu.vn,463,1050,Nhận TL
skygo.edu.vn,342,1050,Nhận TL
trangle.edu.vn,179,1050,Nhận TL
duhocquocgia.edu.vn,182,1050,Nhận TL
giamcanlamdep.edu.vn,156,1050,Nhận TL
ipb.edu.vn,426,1050,Nhận TL
suphamcaobang.edu.vn,423,1050,Nhận TL
thvinhtuy.edu.vn,413,1050,Nhận TL
cantin.titkul.edu.vn,496,1050,Nhận TL
yhct.caodanghanoi.edu.vn,198,1050,Nhận TL
library.titkul.edu.vn,256,1050,Nhận TL
phcn.caodanghanoi.edu.vn,275,1050,Nhận TL
hocbongda.edu.vn,682,1050,Nhận TL
mefc.edu.vn,793,1050,Nhận TL
www.tnu.tuyensinhonline.edu.vn,488,1050,Nhận TL
www.nguyenvy.trangle.edu.vn,346,1050,Nhận TL
giayphepkinhdoanh.edu.vn,254,1050,Nhận TL
mocongty.edu.vn,623,1050,Nhận TL
thanhlapcongty.edu.vn,379,1050,Nhận TL
nzenglish.edu.vn,684,1050,Nhận TL
digital-agency.edu.vn,386,1050,Nhận TL
mnic.edu.vn,479,1050,Nhận TL
dta-edu.vn,296,1050,Nhận TL
tinhoctre.laptrinhscratch.edu.vn,125,1050,Nhận TL
duoc.caodanghanoi.edu.vn,186,1050,Nhận TL
starbiz.edu.vn,183,1050,Nhận TL
xuatkhaulaodong.edu.vn,129,1050,Nhận TL
new.edu.vn,4.511,1200,Nhận TL
thacovtc.edu.vn,3.783,1200,Nhận TL
flyhigh.edu.vn,2.278,1150,Nhận TL
duhoctinphat.edu.vn,1.651,1150,Nhận TL
nghego.edu.vn,1.317,1150,Nhận TL
topmonan.edu.vn,996,1100,Nhận TL
th-education.vn,518,1000,Nhận TL
hoclieusotpyb.edu.vn,75.105,1.900,Nhận TL
sedu.edu.vn,34.284,1.500,Nhận TL
seduacademy.edu.vn,27.279,1.400,Nhận TL
duhoc.ich.edu.vn,23.654,1.400,Nhận TL
sydneygroup.edu.vn,18.554,1.400,Nhận TL
trangedu.com,12.890,1.400,Nhận TL
daihochoabinh.edu.vn,8.073,1.300,Nhận TL